temperature,rainfall,soil_type,current_crop,recommended_adaptation
74.9816047538945,27.405317153544786,sandy,wheat,normal_crop
98.02857225639664,41.67603789513433,sandy,corn,normal_crop
89.2797576724562,54.91783343505633,sandy,soybean,normal_crop
83.94633936788146,49.28899545638245,loam,corn,normal_crop
66.24074561769746,52.26244591445799,loam,soybean,flood_resistant_crop
66.2397808134481,46.35133466842869,loam,rice,normal_crop
62.323344486727976,47.6910625807141,sandy,rice,flood_resistant_crop
94.6470458309974,53.96782606261277,loam,corn,normal_crop
84.04460046972835,29.98672035436744,clay,corn,normal_crop
88.32290311184181,39.576998545725615,clay,corn,normal_crop
60.823379771832094,28.84837767278409,loam,wheat,normal_crop
98.79639408647978,59.50672031986588,clay,wheat,normal_crop
93.29770563201687,57.76237358746453,clay,wheat,normal_crop
68.49356442713105,21.577072454740236,sandy,corn,normal_crop
67.27299868828402,48.22300690062754,loam,soybean,flood_resistant_crop
67.33618039413736,57.009932696626635,loam,rice,flood_resistant_crop
72.1696897183815,27.22301380509334,sandy,corn,normal_crop
80.99025726528951,42.717809222105174,clay,wheat,normal_crop
77.27780074568463,56.619531903521676,clay,wheat,normal_crop
71.64916560792167,21.357839143431953,loam,corn,normal_crop
84.47411578889518,47.8968106898736,clay,corn,normal_crop
65.57975442608168,31.89396029490203,sandy,wheat,normal_crop
71.68578594140872,56.975847815061215,sandy,soybean,normal_crop
74.65447373174767,58.842329806614714,loam,wheat,normal_crop
78.24279936868143,57.770659564537354,sandy,wheat,normal_crop
91.40703845572054,38.96856866629855,sandy,corn,normal_crop
67.98695128633439,54.481706039572536,loam,soybean,flood_resistant_crop
80.56937753654447,53.78197594140281,sandy,wheat,normal_crop
83.6965827544817,32.76401892973023,sandy,wheat,normal_crop
61.858016508799906,53.1566189660271,sandy,rice,flood_resistant_crop
84.30179407605753,21.480305388619705,clay,corn,normal_crop
66.82096494749166,43.85079513928212,loam,rice,normal_crop
62.60206371941118,29.20035349150812,loam,rice,normal_crop
97.95542149013333,24.822675431091152,loam,wheat,drought_resistant_crop
98.62528132298237,23.078128065168364,clay,corn,drought_resistant_crop
92.33589392465845,47.85155103512559,clay,soybean,normal_crop
72.18455076693482,33.59499855072265,loam,wheat,normal_crop
63.90688456025536,48.99067086115046,clay,soybean,flood_resistant_crop
87.36932106048627,22.614253631957695,loam,soybean,drought_resistant_crop
77.60609974958405,32.61161351322441,clay,corn,normal_crop
64.88152939379115,41.57965169501349,sandy,rice,normal_crop
79.80707640445081,51.628926593558546,sandy,corn,normal_crop
61.375540844608736,32.7501001172828,loam,soybean,normal_crop
96.37281608315129,45.03565505748036,clay,wheat,normal_crop
70.35119926400068,55.43910992944748,clay,soybean,normal_crop
86.50089137415928,44.63452752729218,sandy,wheat,normal_crop
72.46844304357644,29.31837899014535,sandy,wheat,normal_crop
80.80272084711243,20.97603126226152,clay,corn,normal_crop
81.86841117373119,54.803954956037195,clay,soybean,normal_crop
67.39417822102108,20.850776434015486,clay,rice,normal_crop
98.78338511058234,54.98806690736798,clay,soybean,normal_crop
91.00531293444459,41.157485361088476,clay,soybean,normal_crop
97.57995766256757,57.56270794051585,clay,rice,normal_crop
95.79309401710594,51.951329430946615,loam,corn,normal_crop
83.9159991524434,59.9173644213335,clay,soybean,normal_crop
96.87496940092467,34.028472618068406,sandy,soybean,normal_crop
63.53970008207678,50.68753155724508,loam,wheat,flood_resistant_crop
67.83931449676581,36.07723654436968,clay,soybean,normal_crop
61.80909155642152,39.195024812156355,sandy,rice,normal_crop
73.01321323053057,45.1002185287348,loam,wheat,normal_crop
75.54709158757927,54.94708456745355,sandy,corn,normal_crop
70.85396127095584,59.363338767971804,clay,wheat,normal_crop
93.14950036607718,50.73093655458073,clay,rice,normal_crop
74.27013306774357,36.710671286693355,clay,rice,normal_crop
71.23738038749524,36.854280091082806,clay,wheat,normal_crop
81.70784332632994,49.50329206355566,loam,corn,normal_crop
65.63696899899051,29.55108583073209,loam,wheat,normal_crop
92.08787923016159,24.418964525255788,sandy,corn,drought_resistant_crop
62.98202574719083,34.18488630563106,clay,wheat,normal_crop
99.47547746402068,31.48955966616327,sandy,rice,normal_crop
90.8897907718663,31.8523248182396,loam,soybean,normal_crop
67.9486272613669,29.344310041996398,clay,soybean,normal_crop
60.220884684944096,21.683727585454477,clay,corn,normal_crop
92.61845713819336,20.714957389336554,loam,corn,drought_resistant_crop
88.27429375390469,59.50889558944126,loam,corn,normal_crop
89.1602867216395,37.110925349434496,loam,rice,normal_crop
90.85081386743784,35.373065886387266,loam,wheat,normal_crop
62.96178606936361,47.1858913077228,loam,rice,flood_resistant_crop
74.33862914177091,28.730155514602565,clay,soybean,normal_crop
64.63476238100519,57.99844735800902,loam,corn,flood_resistant_crop
94.52413703502374,51.453800576622086,clay,wheat,normal_crop
84.93192507310232,23.57644009249038,clay,soybean,normal_crop
73.23592099410597,36.70323103139714,loam,soybean,normal_crop
62.54233401144094,55.164732302486584,loam,soybean,flood_resistant_crop
72.4392928686265,57.78928089165641,clay,rice,normal_crop
73.00733288106989,38.69606044999479,loam,corn,normal_crop
89.18424713352256,44.53645556842831,loam,soybean,normal_crop
85.50229885420853,26.68135784368301,loam,corn,normal_crop
95.48850970305307,59.646745045479065,sandy,rice,normal_crop
78.88859700647797,29.266868055337735,clay,soybean,normal_crop
64.78376983753206,57.709270965405025,sandy,rice,flood_resistant_crop
88.5297914889198,45.985865959694735,loam,rice,normal_crop
90.4314019446759,44.309471795154366,sandy,corn,normal_crop
82.45108790277985,40.50754044066034,loam,soybean,normal_crop
90.83868719818244,29.226792468710347,sandy,rice,drought_resistant_crop
79.75182385457563,27.06112128022033,loam,soybean,normal_crop
80.90931317527976,28.819448362807016,sandy,corn,normal_crop
77.10164073434198,27.45753048577018,sandy,rice,normal_crop
61.01676506976381,51.18337894267013,sandy,corn,flood_resistant_crop
64.31565707973218,34.005010366669204,clay,soybean,normal_crop
61.25716742746937,22.313707062535855,sandy,soybean,normal_crop
85.45641645055122,58.764105205632454,clay,corn,normal_crop
72.57423924305307,55.35143539853703,loam,wheat,normal_crop
80.34282764658812,57.11009132780852,sandy,rice,normal_crop
96.30265895704372,59.79631290585741,loam,soybean,normal_crop
69.971689165955,26.95580996877949,loam,soybean,normal_crop
76.41531692142519,35.84968075610635,sandy,rice,normal_crop
90.22204554172194,50.32953902816365,clay,corn,normal_crop
69.15192661966489,47.84082472215169,sandy,corn,normal_crop
63.07919639315172,26.155836253594202,loam,corn,normal_crop
71.59005811655072,52.63332499962471,loam,wheat,normal_crop
66.44885149016018,28.977622873466427,sandy,wheat,normal_crop
97.18790609370292,28.952704592904922,clay,soybean,drought_resistant_crop
92.32481518257669,41.47897691573654,clay,corn,normal_crop
85.33615026041694,43.71759739366813,loam,rice,normal_crop
94.85842360750871,43.203448313512446,loam,soybean,normal_crop
92.14688307596458,23.659473495910195,clay,rice,drought_resistant_crop
67.46280235544144,55.09843450521522,sandy,soybean,flood_resistant_crop
95.70235993959912,30.62400170354824,loam,wheat,drought_resistant_crop
81.57368967662603,25.180596851312167,clay,soybean,normal_crop
92.2976062065625,55.54992319475909,loam,wheat,normal_crop
95.84365199693973,58.226059929190136,sandy,soybean,normal_crop
72.72013899887456,54.48510469061802,clay,corn,normal_crop
64.40207698110707,52.38064298899512,loam,rice,flood_resistant_crop
69.11740650167766,46.20967922556087,sandy,corn,normal_crop
77.08431154505026,42.034294824365574,loam,soybean,normal_crop
92.72059063689971,23.479470396456406,sandy,soybean,drought_resistant_crop
94.42922333025373,36.338128522827944,sandy,soybean,normal_crop
60.27808522124763,34.90754068049256,clay,wheat,normal_crop
80.42989210310263,30.39015135041305,sandy,rice,normal_crop
76.69644012595116,48.936804547543396,loam,rice,normal_crop
68.88431241882921,39.835029403150834,sandy,soybean,normal_crop
64.79461469334731,23.241848636305917,sandy,soybean,normal_crop
73.50460685614512,28.80732807799245,clay,wheat,normal_crop
97.71638815650077,47.33035054638384,sandy,corn,normal_crop
72.92811728083021,23.04523437961201,sandy,corn,normal_crop
80.75162486973464,54.04827656195075,loam,rice,normal_crop
88.12075835580711,39.80586108055897,clay,wheat,normal_crop
74.54518409517176,39.22346309306592,clay,soybean,normal_crop
98.87128330883843,43.6963113863807,clay,rice,normal_crop
98.49789179768445,52.987238637005966,sandy,wheat,normal_crop
70.07129183301457,33.91236831608772,clay,corn,normal_crop
79.88994023569542,47.12064610236254,sandy,wheat,normal_crop
72.03513239267079,42.62927855983165,sandy,corn,normal_crop
71.3936197750987,30.681130806776853,loam,wheat,normal_crop
61.47547789418131,55.14519945420632,loam,rice,flood_resistant_crop
84.38257335919587,51.89704086427712,loam,corn,normal_crop
80.10716092915446,46.338073386337015,loam,rice,normal_crop
62.05915004999957,54.023269163769676,loam,rice,flood_resistant_crop
71.14585856946445,54.6917680383921,sandy,corn,normal_crop
96.33063543866615,48.334519068601395,sandy,corn,normal_crop
69.5824756266789,53.48053313454688,clay,soybean,normal_crop
65.79579488364892,47.898858466771344,sandy,soybean,flood_resistant_crop
79.57811041110253,47.205630870412016,sandy,soybean,normal_crop
99.42601816442402,44.74445512860737,loam,rice,normal_crop
69.68221086046002,50.10866558230565,sandy,rice,normal_crop
86.88542189623514,26.344204211722946,loam,soybean,drought_resistant_crop
90.46478461314871,55.23483036795714,clay,rice,normal_crop
69.50550175969599,54.87374110980928,clay,rice,normal_crop
89.12865394447438,21.169891321382366,sandy,corn,drought_resistant_crop
74.71132530877013,53.03267002259051,clay,corn,normal_crop
85.29223322374318,25.154794698937806,sandy,rice,normal_crop
85.34118843043579,33.40475417036568,clay,soybean,normal_crop
81.43098736299034,49.74033025166431,loam,wheat,normal_crop
63.61159080217633,26.430395841932327,loam,soybean,normal_crop
93.41209982356952,52.718680964762484,loam,wheat,normal_crop
72.83120259886944,53.28536711830968,loam,soybean,normal_crop
67.46074041599417,40.29870935043345,sandy,corn,normal_crop
61.63100566219056,20.255434868673344,clay,rice,normal_crop
83.63571772752968,31.48152532699651,sandy,rice,normal_crop
87.1025744736913,44.67707673502969,loam,corn,normal_crop
60.663513157114245,59.24744712109694,sandy,wheat,flood_resistant_crop
80.48372233197124,45.272541080666734,clay,wheat,normal_crop
69.05983100791752,30.39214324256639,sandy,wheat,normal_crop
85.80691161637799,45.360228123984456,clay,corn,normal_crop
66.97465716019965,41.59941518863422,sandy,wheat,normal_crop
87.63750952409865,51.19381580604575,clay,corn,normal_crop
75.46941385202149,24.279225553078337,clay,soybean,normal_crop
97.46919954946938,50.44111610008112,loam,soybean,normal_crop
65.50083776583973,41.65066314704441,clay,corn,normal_crop
73.64265404201034,58.51968015435978,loam,rice,normal_crop
64.53894084962356,33.674886641547445,loam,soybean,normal_crop
96.98774473114251,45.304875725357924,loam,wheat,normal_crop
95.09357413523924,57.2811242204007,sandy,corn,normal_crop
70.31766510860622,24.10038911962717,sandy,wheat,normal_crop
86.39936184136715,57.48913948945805,sandy,wheat,normal_crop
92.68888800804864,47.51542889203253,sandy,rice,normal_crop
82.2080324639785,22.713482364206875,clay,wheat,normal_crop
81.18602313424026,32.03854267787265,clay,rice,normal_crop
69.67409163601806,48.32688354581126,sandy,soybean,normal_crop
63.72411071223597,22.69402405875087,clay,corn,normal_crop
95.88863031813307,43.28681840705093,clay,wheat,normal_crop
96.01672228653322,33.83532227811827,loam,corn,normal_crop
85.32405829093072,44.83662071069908,loam,wheat,normal_crop
73.56119164194803,21.829681352500515,loam,corn,normal_crop
73.96838298450643,54.86147224609505,loam,wheat,normal_crop
89.03822715480958,58.939558767095875,clay,wheat,normal_crop
95.88441039810309,58.75511421142766,sandy,wheat,normal_crop
95.48345697060469,49.98607326971699,clay,wheat,normal_crop
91.19502183430495,25.20344960522528,clay,wheat,drought_resistant_crop
85.68126584617151,50.3305278371609,clay,wheat,normal_crop
63.365598599801956,20.98347665835206,loam,wheat,normal_crop
66.46514856378455,20.88494206115989,loam,wheat,normal_crop
95.94216754108317,32.94440876598165,loam,wheat,normal_crop
84.2571623863836,39.54572761618663,sandy,corn,normal_crop
60.36788206466519,50.816296712311726,clay,rice,flood_resistant_crop
64.05886171464128,47.33181506426021,sandy,wheat,flood_resistant_crop
86.54007076432222,37.83610825506993,loam,rice,normal_crop
60.20246335384875,30.945066651266636,sandy,wheat,normal_crop
66.43232205669995,59.884980006308446,clay,wheat,flood_resistant_crop
81.94935157466344,37.04725208943891,clay,corn,normal_crop
87.67580790770774,38.05548097318702,loam,soybean,normal_crop
86.07845038010402,26.544952847666767,loam,soybean,drought_resistant_crop
68.9707723784224,51.79238194999718,sandy,corn,normal_crop
88.48716885390144,47.74728903125954,loam,rice,normal_crop
69.489963499872,28.830784511550416,loam,soybean,normal_crop
73.01598792637071,23.295241824633706,clay,corn,normal_crop
89.85965620472096,47.21997208298852,loam,corn,normal_crop
85.98531596188859,46.18044857124541,loam,soybean,normal_crop
93.96893641976712,30.930381079928374,clay,rice,drought_resistant_crop
86.30451569201374,58.03454249001641,clay,corn,normal_crop
82.73234413341886,26.04231567123601,sandy,wheat,normal_crop
63.7469907131237,37.29339204170408,loam,rice,normal_crop
74.70863212237734,57.74463680670395,clay,rice,normal_crop
70.60809470726902,36.78909267704489,sandy,soybean,normal_crop
69.75958573516334,45.54103790656342,sandy,soybean,normal_crop
98.92042219009782,35.90377591851177,loam,wheat,normal_crop
75.72390898667041,30.968608093946802,loam,corn,normal_crop
95.68186220708454,59.359105918393126,sandy,soybean,normal_crop
85.24554503989052,36.37336025260172,clay,soybean,normal_crop
91.79245214166593,55.76396814716538,sandy,rice,normal_crop
80.10548372420769,29.198184235643446,loam,soybean,normal_crop
83.07615538505436,28.52418816100333,clay,soybean,normal_crop
79.70070775275455,21.245363315380455,clay,soybean,normal_crop
67.80971951192178,46.066673015035406,sandy,soybean,normal_crop
88.89808461046022,34.74105374895045,loam,rice,normal_crop
71.23089449763424,54.57432999358548,sandy,wheat,normal_crop
60.97263865725815,38.928396267662286,sandy,wheat,normal_crop
85.81889183628671,58.72773711658887,sandy,corn,normal_crop
67.08442717628196,27.421020628124847,clay,soybean,normal_crop
97.61834337411656,54.744926718224434,clay,rice,normal_crop
98.1571430801035,51.06387411166967,loam,corn,normal_crop
96.59457560881793,50.83687378576208,loam,corn,normal_crop
74.80634801021777,53.79132912467551,sandy,wheat,normal_crop
60.6182646611547,50.440959637719956,sandy,rice,flood_resistant_crop
97.13274250350901,45.048812865256615,sandy,rice,normal_crop
77.12736593269257,25.249795107295505,loam,rice,normal_crop
98.66619276174679,21.301047179650077,clay,wheat,drought_resistant_crop
98.54479908357011,56.83391391262747,clay,wheat,normal_crop
94.12037821869441,44.66601258082952,sandy,wheat,normal_crop
71.77795568278343,51.86149163904705,sandy,wheat,normal_crop
75.403909144077,39.260894060502004,sandy,wheat,normal_crop
94.04546686067428,24.69232755849578,sandy,soybean,drought_resistant_crop
72.6768802062511,25.007431688102017,loam,soybean,normal_crop
66.7797098674437,47.422611489158854,clay,rice,flood_resistant_crop
82.27205049833401,37.21223579597851,sandy,corn,normal_crop
97.44619096643123,28.02098906801347,loam,rice,drought_resistant_crop
87.84119186699891,39.66378186965748,sandy,corn,normal_crop
82.8024468035746,22.568357483005364,sandy,wheat,normal_crop
63.887059750830744,43.27885607657595,clay,corn,normal_crop
84.6002890679668,30.75973617740391,sandy,rice,normal_crop
99.60215400417053,51.90236402548753,clay,rice,normal_crop
65.60336060946096,32.41447835694295,clay,corn,normal_crop
80.73318609454947,38.20880596327205,clay,soybean,normal_crop
95.09492287711822,20.464821596324025,loam,wheat,drought_resistant_crop
89.63074471016817,22.897875511782356,loam,wheat,drought_resistant_crop
87.88062963981072,35.69974225626739,clay,rice,normal_crop
88.09936335948437,39.19755338868494,sandy,soybean,normal_crop
74.3796460487902,44.00082192477215,clay,corn,normal_crop
71.74367377057973,31.66650314837213,sandy,wheat,normal_crop
92.37444621914054,47.7992754450617,clay,soybean,normal_crop
92.40453578716723,54.40489588756818,sandy,wheat,normal_crop
94.68289274320415,51.194039555733994,loam,soybean,normal_crop
96.52962210225886,21.584753013934286,sandy,soybean,drought_resistant_crop
80.4536959544375,39.220277890313156,clay,rice,normal_crop
80.06065178748798,24.197207136726995,loam,wheat,normal_crop
91.931807158671,29.681800634501098,sandy,corn,drought_resistant_crop
85.99855723111061,59.46650373068586,sandy,rice,normal_crop
88.07867509030814,25.69982171606053,sandy,rice,drought_resistant_crop
91.83170677744404,39.95552613805424,sandy,corn,normal_crop
95.60021367270265,44.72622937272476,sandy,rice,normal_crop
73.51980627406144,48.098598821764156,loam,soybean,normal_crop
75.02331810559775,42.385947339476566,loam,soybean,normal_crop
63.75927759363476,20.390833896767347,loam,wheat,normal_crop
83.13120563984697,33.058452329759675,loam,wheat,normal_crop
61.43769095186968,40.70846573538846,clay,corn,normal_crop
78.6239207252984,23.514659965793335,loam,wheat,normal_crop
81.70578538830307,34.02507724836723,sandy,soybean,normal_crop
71.46165008513138,21.32812435165466,sandy,corn,normal_crop
83.63333042276042,23.143139886200828,loam,corn,normal_crop
61.220009997561974,35.87693104806384,sandy,wheat,normal_crop
61.493927549968575,25.308630161722412,loam,soybean,normal_crop
92.90402242638633,42.70163393046232,sandy,corn,normal_crop
74.40762565645052,47.578598765490625,clay,soybean,normal_crop
65.0824205060754,52.02346796436331,clay,soybean,flood_resistant_crop
80.88973040219217,28.006009769792403,loam,soybean,normal_crop
90.79974212394444,26.699303290362792,loam,wheat,drought_resistant_crop
68.63284109987373,24.18271361337601,loam,rice,normal_crop
84.91561903276,45.457209981745464,sandy,rice,normal_crop
63.41389859975072,48.25902905947605,loam,corn,flood_resistant_crop
62.067268846744305,21.26344579302568,clay,soybean,normal_crop
81.25418526272591,57.448489849747595,sandy,wheat,normal_crop
81.62540486440426,22.078851346058897,loam,soybean,normal_crop
85.49719605992826,41.65185341204282,sandy,soybean,normal_crop
89.04365334890646,48.36242077803666,sandy,wheat,normal_crop
99.03408317850139,54.83876494984342,loam,rice,normal_crop
80.65201393204781,48.56347728529711,sandy,soybean,normal_crop
72.91825891764984,52.069123322791675,clay,soybean,normal_crop
91.80744779074814,33.57800770171224,clay,rice,normal_crop
70.83329005048297,52.59300454986049,sandy,wheat,normal_crop
77.55885682822544,23.204593855387007,loam,corn,normal_crop
63.13825525369064,55.792666242421106,sandy,rice,flood_resistant_crop
61.0140297366183,41.90369504614945,clay,corn,normal_crop
98.505936587117,52.69191079849975,sandy,corn,normal_crop
93.43920482048824,38.092731380732005,sandy,rice,normal_crop
87.83896824374793,45.743107807860994,clay,soybean,normal_crop
76.3581177765708,41.05610643744453,sandy,corn,normal_crop
66.93177280283383,49.263580870213275,sandy,corn,flood_resistant_crop
66.25748170684344,23.265199281223584,loam,wheat,normal_crop
70.00971592658381,22.414083359622552,loam,soybean,normal_crop
81.96906658824481,29.884129360405858,clay,corn,normal_crop
88.5838369080025,26.381787204527534,clay,wheat,drought_resistant_crop
86.40789506870925,54.87134266368807,clay,soybean,normal_crop
71.19735587783771,28.76855949432177,loam,rice,normal_crop
98.19461122652777,59.03461023276525,clay,rice,normal_crop
89.51587666783074,33.47583167084427,clay,wheat,normal_crop
82.17416210045603,27.284716627547972,clay,rice,normal_crop
84.46882984937409,51.58794028569916,loam,corn,normal_crop
76.7840024971116,46.34831102003504,sandy,soybean,normal_crop
69.9092395800463,39.92782865812556,clay,corn,normal_crop
74.23890714605047,42.214542037505254,sandy,corn,normal_crop
90.31384441857476,48.768071130890554,clay,rice,normal_crop
60.57573954519023,29.13818965325195,sandy,corn,normal_crop
64.64290562027665,59.853356642269674,loam,rice,flood_resistant_crop
61.84010568087011,58.991726485871325,loam,soybean,flood_resistant_crop
61.62915209275881,46.01302745387748,clay,soybean,normal_crop
94.21842336044028,27.981698037165806,sandy,corn,drought_resistant_crop
88.14631437520094,47.209129697251655,loam,wheat,normal_crop
78.966953163493,22.887936359167036,clay,rice,normal_crop
63.91336642604006,21.226100088232243,clay,rice,normal_crop
79.6646350046733,30.30731554044855,loam,corn,normal_crop
78.93887083122263,38.504918269572656,loam,rice,normal_crop
66.92807479640061,54.73090021633522,clay,rice,flood_resistant_crop
77.35406596951893,49.08676279065232,sandy,wheat,normal_crop
75.94018937589493,49.70826084799924,sandy,wheat,normal_crop
84.63400392208865,37.01973337792302,sandy,corn,normal_crop
85.40374603470575,33.83739970187852,clay,wheat,normal_crop
61.81216039088178,34.84155051938411,loam,corn,normal_crop
74.98450458505884,59.505982549442315,clay,soybean,normal_crop
85.03439662856945,21.6043676564993,loam,corn,normal_crop
80.12545034320351,54.681259844897944,sandy,soybean,normal_crop
94.25959364753288,43.14701634289574,sandy,corn,normal_crop
86.3477452647578,37.54461676758362,loam,rice,normal_crop
66.51737708325719,49.01030641660546,loam,wheat,flood_resistant_crop
62.82274989601719,39.466757656988115,clay,soybean,normal_crop
85.69677112825262,54.93692952326642,sandy,corn,normal_crop
61.06045242166487,56.02807456045034,clay,wheat,flood_resistant_crop
83.43102325093852,36.86883707493821,clay,corn,normal_crop
97.6092096569983,31.073111889402064,clay,wheat,normal_crop
83.01896711503517,43.69401314373449,sandy,wheat,normal_crop
75.52679704826087,56.49453382466764,clay,corn,normal_crop
85.73152873769413,28.42648756022666,clay,soybean,normal_crop
78.33011561966066,44.91866334253931,clay,soybean,normal_crop
81.8246715726374,45.26240880370082,clay,rice,normal_crop
97.658592351061,49.32452089661124,clay,wheat,normal_crop
75.44410551203097,25.262707405090392,clay,rice,normal_crop
98.44762255295657,48.63299858728354,sandy,rice,normal_crop
96.21402567824255,56.36130082662564,clay,corn,normal_crop
67.83164539157185,27.18732435480968,loam,corn,normal_crop
62.77445203500662,29.501732996955106,clay,corn,normal_crop
64.03112005509706,58.855803761665584,clay,wheat,flood_resistant_crop
60.72887302606199,27.23907810837959,sandy,corn,normal_crop
63.77771843023714,54.17540373478317,sandy,corn,flood_resistant_crop
87.32027093665428,39.69111425792139,loam,wheat,normal_crop
62.84754593840916,29.889242976127083,loam,wheat,normal_crop
72.75902521175045,54.829996050900455,sandy,soybean,normal_crop
93.79501243877817,37.81221020010662,sandy,corn,normal_crop
60.93087742943303,40.59269415718761,clay,corn,normal_crop
92.57873930355743,34.36933477599062,sandy,corn,normal_crop
71.27419099093599,43.7180340573971,loam,soybean,normal_crop
64.72659310486625,26.54095490340091,clay,corn,normal_crop
87.86948661456603,35.64326146607043,loam,soybean,normal_crop
85.15771387119536,58.7764928934115,clay,rice,normal_crop
95.09888054108211,30.3253373080451,sandy,soybean,drought_resistant_crop
89.40284175215544,46.269466581651685,loam,rice,normal_crop
92.13923721539393,33.00760256898779,clay,corn,normal_crop
71.28138290285226,50.93892502746402,clay,rice,normal_crop
67.09758175118891,25.23494642873399,sandy,soybean,normal_crop
90.02459006563433,58.79284180314179,sandy,wheat,normal_crop
92.27338957069057,38.151581655345566,sandy,rice,normal_crop
99.62020568002694,29.44201853385856,loam,rice,drought_resistant_crop
76.50470707645707,22.939869893200505,clay,corn,normal_crop
74.88072343171133,26.79031620350163,sandy,soybean,normal_crop
91.05651842967987,40.79095794224071,loam,rice,normal_crop
73.63214161012071,33.48012705725145,loam,rice,normal_crop
97.23029302414258,53.15533463530438,loam,rice,normal_crop
94.33651007372048,37.235500946472236,sandy,rice,normal_crop
77.15976109500073,29.948570903505196,sandy,wheat,normal_crop
90.03484271165989,44.68579946416121,clay,soybean,normal_crop
90.1817149633873,48.27108867541783,clay,corn,normal_crop
64.12495475343731,26.681676316037994,sandy,corn,normal_crop
96.10211626718267,26.704768651532707,loam,wheat,drought_resistant_crop
80.21009489791429,21.466857077341718,loam,soybean,normal_crop
93.05829864430967,49.45608060262562,loam,rice,normal_crop
72.80198404122447,46.552181104872204,clay,wheat,normal_crop
95.82092913984802,38.98523502999255,loam,soybean,normal_crop
75.56806714936653,53.76681795876789,clay,rice,normal_crop
60.433506059211936,52.22680611800213,clay,wheat,flood_resistant_crop
96.21527905677056,43.414174575870085,loam,soybean,normal_crop
63.65146707144534,54.73085122053035,loam,corn,flood_resistant_crop
72.7725455036166,28.23364840147073,sandy,corn,normal_crop
98.0024786820322,24.476784775909117,sandy,soybean,drought_resistant_crop
98.02428587750225,30.789984460679584,loam,corn,drought_resistant_crop
82.93751552493144,22.283474243572595,clay,soybean,normal_crop
85.27348848679196,41.24678112004128,clay,rice,normal_crop
77.93782087913279,57.464227691798456,clay,soybean,normal_crop
71.72843086792258,21.573741626740386,clay,rice,normal_crop
73.14658181479663,24.884396560401072,clay,wheat,normal_crop
86.90073824308153,38.08796113133741,sandy,soybean,normal_crop
90.09498117750721,57.3550007011162,loam,wheat,normal_crop
91.66316174903395,32.64624419907002,sandy,corn,normal_crop
91.58472571178216,40.289392347535696,clay,rice,normal_crop
63.64824412194761,21.662914362015684,clay,soybean,normal_crop
79.77681218810326,25.933728038483554,clay,wheat,normal_crop
62.30235040066577,59.46520491835388,clay,rice,flood_resistant_crop
81.98115529294942,58.60474785744182,loam,rice,normal_crop
77.66122005493509,20.197599237376384,clay,corn,normal_crop
95.508167310332,58.07247141692956,loam,corn,normal_crop
74.03660050208315,45.56479751262002,clay,rice,normal_crop
64.68268065710423,54.716731780800885,loam,rice,flood_resistant_crop
65.71966728211343,38.18959422535436,sandy,soybean,normal_crop
90.46042526869888,40.62384114317001,clay,rice,normal_crop
84.72872253265044,39.55386321027681,loam,soybean,normal_crop
64.04490704491161,46.67457030184417,sandy,rice,normal_crop
63.364272244599896,25.586050190252514,clay,corn,normal_crop
88.0387652583648,21.198943594907117,clay,soybean,drought_resistant_crop
62.91052025456774,32.31719766364763,clay,wheat,normal_crop
92.87440237161425,48.18723050946587,loam,corn,normal_crop
88.24968908625985,28.074138084917934,loam,soybean,drought_resistant_crop
63.25395122567599,46.93729733299669,sandy,soybean,normal_crop
63.39350856340768,58.79648184429082,loam,wheat,flood_resistant_crop
99.46558314004702,23.756028631576736,loam,soybean,drought_resistant_crop
74.9708318302448,46.90408472900505,clay,rice,normal_crop
74.82568588267563,37.750008772182845,clay,wheat,normal_crop
92.5119826903001,54.72569017510021,clay,corn,normal_crop
97.88994309535434,27.085991577895435,clay,corn,drought_resistant_crop
99.44004255291483,47.70503808904658,clay,rice,normal_crop
90.13512741035767,53.52461158592441,clay,corn,normal_crop
75.05038342123663,57.78456877896093,clay,soybean,normal_crop
63.340028667946754,47.329921131585834,sandy,soybean,flood_resistant_crop
91.08587663709747,39.8869905603371,sandy,rice,normal_crop
82.3361699894322,44.713889608048554,sandy,corn,normal_crop
76.96888036987906,54.756199379148725,sandy,corn,normal_crop
96.25417540378945,42.82438986555319,clay,rice,normal_crop
64.44789929224605,21.215482387873475,sandy,wheat,normal_crop
79.70500417163436,57.23794782027911,clay,corn,normal_crop
60.454145790696764,47.58107004126245,sandy,wheat,flood_resistant_crop
78.74642567976505,47.06053543108986,loam,corn,normal_crop
62.25213102727349,28.627006095908687,sandy,corn,normal_crop
64.75271665072287,46.355418809306286,sandy,corn,normal_crop
64.7010498710842,35.754576226166336,clay,corn,normal_crop
85.96841208464255,46.04931908165968,sandy,soybean,normal_crop
89.84179517061693,24.26372121231963,loam,wheat,drought_resistant_crop
83.33475060388639,46.313812184121446,clay,wheat,normal_crop
98.48690193898167,59.97654903082666,clay,corn,normal_crop
74.99482318094816,21.92848155442224,sandy,corn,normal_crop
71.42848345127443,59.08696736885269,clay,wheat,normal_crop
94.7439651275784,36.27631842891482,clay,soybean,normal_crop
68.9438335407781,54.83013801349037,clay,rice,normal_crop
98.52890157762445,51.29541936233094,clay,rice,normal_crop
60.48617898759265,42.68065043946671,clay,wheat,normal_crop
98.79515306830555,49.537968370053065,clay,corn,normal_crop
61.72639647802305,55.14062245205392,loam,corn,flood_resistant_crop
95.64572454792284,36.165612866041315,sandy,soybean,normal_crop
81.108044363452,33.081326462529546,loam,rice,normal_crop
99.71859184477202,46.70373542254339,clay,soybean,normal_crop
62.95186258941595,52.31383767765034,clay,rice,flood_resistant_crop
82.15417137605283,50.49140539106463,sandy,wheat,normal_crop
98.77210142476396,51.912545954345376,loam,rice,normal_crop
80.92391376680595,37.42333259251732,sandy,soybean,normal_crop
85.1759455254105,52.71336864700086,loam,soybean,normal_crop
87.82994755938469,24.80836221482434,clay,soybean,drought_resistant_crop
78.18164259071094,41.77956391843398,sandy,wheat,normal_crop
85.10232320336254,20.230346419924864,sandy,rice,normal_crop
83.372572476924,32.98343319601081,clay,rice,normal_crop
96.04632041963956,34.65846139485592,sandy,soybean,normal_crop
61.81785521365831,35.846907664370214,loam,rice,normal_crop
71.2385275836892,47.81868826759449,loam,corn,normal_crop
98.01645936306235,35.54232405081383,loam,corn,normal_crop
95.61055135563666,37.94774490490123,loam,corn,normal_crop
78.22627011142852,29.5017652349731,clay,rice,normal_crop
84.80530391206148,34.9300716651736,sandy,wheat,normal_crop
71.0952473192453,29.090785090526058,loam,wheat,normal_crop
67.52484638895045,22.927836950737746,clay,wheat,normal_crop
78.54793619759928,44.13794373525512,sandy,wheat,normal_crop
74.13408912104211,46.728511942200655,sandy,corn,normal_crop
83.34624447403488,44.779613840384584,clay,corn,normal_crop
63.10938547859939,38.5397617520229,clay,soybean,normal_crop
98.97579230664667,35.19143120716919,loam,rice,normal_crop
99.44842977918412,54.53334598287301,sandy,rice,normal_crop
87.9264685607898,40.76327140544872,sandy,wheat,normal_crop
81.44385465376482,39.16727510518924,clay,corn,normal_crop
72.38110465145311,21.02568263225743,sandy,wheat,normal_crop
92.55180078827794,33.64991310504625,loam,soybean,normal_crop
87.38924690215518,35.20782475143428,sandy,rice,normal_crop
66.50467757379565,35.952911235876016,clay,rice,normal_crop
96.4370873797537,43.206894769093296,clay,wheat,normal_crop
92.90148971692676,41.34410186907514,loam,soybean,normal_crop
97.99199653167696,44.316203711737785,loam,rice,normal_crop
89.0287803355344,50.59533046168513,sandy,soybean,normal_crop
84.5366078374316,52.51942954864374,sandy,soybean,normal_crop
76.72972145162475,48.724923049059775,clay,wheat,normal_crop
97.30913933416053,58.22094783819739,loam,corn,normal_crop
94.64255558001634,20.729303307054465,loam,wheat,drought_resistant_crop
61.808746804247576,27.831119427341843,loam,corn,normal_crop
61.05467897989008,20.302514999125684,sandy,soybean,normal_crop
75.05853467512199,45.898988566184116,loam,corn,normal_crop
92.4221332312733,55.92122195799948,clay,soybean,normal_crop
99.49104517259778,29.73929186305197,clay,rice,drought_resistant_crop
66.01667564414113,57.081381791852266,sandy,rice,flood_resistant_crop
83.7652286140854,22.410695611582433,sandy,rice,normal_crop
75.23563426524086,57.37744107222057,loam,wheat,normal_crop
98.79657591258413,34.06490748958538,sandy,wheat,normal_crop
93.68475692542835,24.05683313796866,clay,soybean,drought_resistant_crop
93.53314818844552,39.43487036745303,loam,rice,normal_crop
78.7477263917988,30.271062708820317,clay,wheat,normal_crop
76.5927800935066,31.394916078476914,loam,rice,normal_crop
70.93628287722825,32.29159859705146,sandy,wheat,normal_crop
62.25501986603709,52.121035913306535,loam,corn,flood_resistant_crop
94.58889505020213,41.56645106701018,loam,corn,normal_crop
92.51604036520311,32.45230796624014,clay,rice,normal_crop
99.98870693144522,44.41335133243673,clay,soybean,normal_crop
99.86547348295622,48.64602696892774,loam,wheat,normal_crop
82.2172682241051,30.90496002934135,sandy,wheat,normal_crop
90.75949660722043,36.541964061014056,sandy,corn,normal_crop
97.79062919529713,24.8754437334779,clay,corn,drought_resistant_crop
93.98589562709645,27.245973981387213,sandy,soybean,drought_resistant_crop
69.8939240697279,47.24471415859931,clay,soybean,normal_crop
78.02176541240374,27.257533907825078,sandy,soybean,normal_crop
65.1663766060598,41.006535346682405,loam,rice,normal_crop
98.1620410903489,48.36185046889731,clay,corn,normal_crop
84.2469853780352,24.275076923789754,clay,rice,normal_crop
69.1457122201385,42.692488785156144,loam,corn,normal_crop
86.86802737623427,30.262511348054552,clay,corn,drought_resistant_crop
84.72512961831583,58.517075009503195,sandy,wheat,normal_crop
74.32650872131362,39.34182586879699,sandy,corn,normal_crop
64.54230368798517,52.23970199100633,clay,corn,flood_resistant_crop
86.86292782371198,42.00906168625047,sandy,rice,normal_crop
80.81230803615173,21.736501314192765,clay,corn,normal_crop
90.89273566942558,45.326055023760894,loam,rice,normal_crop
80.80654004447973,58.05613368826628,clay,soybean,normal_crop
94.08726001274161,44.06447280585325,loam,corn,normal_crop
82.07627355097942,52.767554377071605,sandy,corn,normal_crop
82.43751886141546,55.36825853393631,loam,rice,normal_crop
95.06614410633381,29.1231908779573,sandy,soybean,drought_resistant_crop
76.13931464849588,28.481793596329066,clay,wheat,normal_crop
65.36060913802562,44.43923955403967,sandy,soybean,normal_crop
61.15130705253356,36.44113879226819,clay,rice,normal_crop
90.20549022694476,53.59445211466881,clay,soybean,normal_crop
84.8123820541386,56.000924935920445,loam,rice,normal_crop
88.16319072396894,34.136855172108724,loam,rice,normal_crop
68.51856646035642,29.47482235897928,loam,wheat,normal_crop
65.45485902347079,51.221020609754476,loam,corn,flood_resistant_crop
60.58178662671528,30.992241421925442,sandy,rice,normal_crop
74.02350235226388,52.90457274054714,sandy,rice,normal_crop
83.59670747418532,36.94953014595051,sandy,wheat,normal_crop
75.68976180398928,46.70199597165882,clay,rice,normal_crop
77.49899688094916,23.82141255338673,sandy,corn,normal_crop
96.16634777974994,44.954372987062925,sandy,wheat,normal_crop
73.93021868093201,38.07070714948917,sandy,corn,normal_crop
80.55957956639243,43.46433852701897,loam,corn,normal_crop
91.34612050964571,26.720568309794537,sandy,wheat,drought_resistant_crop
75.8617112928508,49.47494979776728,clay,rice,normal_crop
84.88346800911494,54.51188310172914,loam,corn,normal_crop
94.4945483498698,28.669592003631024,clay,corn,drought_resistant_crop
97.98082494630569,23.828582220806467,sandy,corn,drought_resistant_crop
65.88293923716152,20.945543441853456,loam,corn,normal_crop
97.06350500645978,45.67886001773064,clay,wheat,normal_crop
79.68465172318153,44.28376144355123,sandy,wheat,normal_crop
70.32977553195833,41.8678965085628,clay,soybean,normal_crop
78.36543024953045,29.277883844639017,clay,soybean,normal_crop
99.20130301141909,35.63623983622058,clay,corn,normal_crop
79.70472375971478,43.77905340744692,sandy,rice,normal_crop
73.15006441150032,39.87067435436678,sandy,corn,normal_crop
85.33603417266903,59.51142080859549,clay,rice,normal_crop
69.60582475112773,25.457590102269325,loam,corn,normal_crop
63.03453312434656,47.80578216190375,loam,soybean,flood_resistant_crop
65.15518887642597,36.172750724171685,sandy,soybean,normal_crop
65.1218335583109,37.12798459702459,sandy,rice,normal_crop
66.07610774049178,48.70391062632705,sandy,corn,flood_resistant_crop
65.5530869059764,47.69744605297478,sandy,rice,flood_resistant_crop
85.63498979212858,59.65023974808753,sandy,soybean,normal_crop
67.27520337596579,25.13577157816501,loam,corn,normal_crop
73.82669133295452,24.164385975366653,sandy,corn,normal_crop
95.87153639624047,48.97355268514964,clay,rice,normal_crop
78.95846561051489,43.13547668025636,clay,wheat,normal_crop
86.70230954084109,30.966426662392234,loam,rice,drought_resistant_crop
66.8927948480652,23.176774759559464,clay,soybean,normal_crop
67.69156075234683,23.426329983857222,loam,soybean,normal_crop
61.63474465065916,55.76763498656473,loam,soybean,flood_resistant_crop
66.75740252288658,27.674692988749715,clay,soybean,normal_crop
71.14361356127834,32.93486248462083,sandy,soybean,normal_crop
67.08041937106987,29.06625608907952,clay,wheat,normal_crop
63.548101350282224,34.1998522332775,clay,corn,normal_crop
64.82543484402403,22.776953709843735,loam,rice,normal_crop
78.43115072130902,40.76239163633082,clay,rice,normal_crop
68.2533487362317,22.704502543688598,loam,soybean,normal_crop
74.57079444192301,52.014260312894464,sandy,rice,normal_crop
80.13669083419427,29.34848327641732,sandy,soybean,normal_crop
87.61579314517462,41.60047658418043,sandy,wheat,normal_crop
61.57248559364396,55.20316350245833,clay,wheat,flood_resistant_crop
91.9764159563617,46.03509476188776,loam,corn,normal_crop
85.11601557963631,41.318311462053416,sandy,wheat,normal_crop
63.270361277954876,32.973350124615024,loam,wheat,normal_crop
94.94314496427108,33.320076522327916,loam,corn,normal_crop
96.83489602127253,46.7794782079276,sandy,rice,normal_crop
62.44311839419455,59.7655744488467,sandy,soybean,flood_resistant_crop
71.07510592588815,46.47356759397515,loam,soybean,normal_crop
92.24805119172245,42.311336694801,sandy,rice,normal_crop
89.93038761534633,49.22602040956984,loam,corn,normal_crop
67.38084077425509,38.60822449134872,loam,rice,normal_crop
68.37397293346841,22.405693704031407,sandy,wheat,normal_crop
74.81888411165528,42.491872635116394,clay,corn,normal_crop
79.38091940764085,58.305011380215205,sandy,corn,normal_crop
84.73019086121184,27.012117694306387,clay,corn,normal_crop
74.75654558279089,47.600195632826626,loam,soybean,normal_crop
78.50138864532592,28.03734754636226,loam,rice,normal_crop
89.89883752535026,41.43310737892325,clay,corn,normal_crop
61.467328115623914,23.867057985868783,loam,corn,normal_crop
70.09747777376083,38.014837450327406,clay,corn,normal_crop
88.5339834353821,50.24653315580984,clay,rice,normal_crop
95.80827350748797,33.902860969559285,loam,soybean,normal_crop
80.46709768462665,46.59646897948872,clay,wheat,normal_crop
81.28453941061262,51.81799843158917,sandy,soybean,normal_crop
64.28688045359104,57.087112779178106,sandy,corn,flood_resistant_crop
77.89649467293819,29.38568327421814,loam,soybean,normal_crop
81.30469065820093,35.97263663237233,loam,soybean,normal_crop
69.69882014538919,26.096640533216696,clay,wheat,normal_crop
70.76972923797524,59.699340086335006,clay,rice,normal_crop
75.0913665241849,57.08003871697181,clay,rice,normal_crop
60.802847911109055,41.59828521122238,clay,soybean,normal_crop
72.88316662332713,53.68133177505685,sandy,soybean,normal_crop
68.45792027986178,40.83831909088168,sandy,rice,normal_crop
73.09989408711658,44.94342752011039,loam,rice,normal_crop
64.79048527277004,23.564977284640666,clay,wheat,normal_crop
95.6210912295958,50.21081681987232,clay,corn,normal_crop
83.74369814216195,25.108539345409394,loam,soybean,normal_crop
87.16409276577959,53.04270521010113,clay,rice,normal_crop
91.56684954429353,51.28112350681543,clay,soybean,normal_crop
79.9376879571623,48.349787909719055,clay,soybean,normal_crop
63.47681152349695,21.446415220990485,clay,rice,normal_crop
81.48426167274191,32.12513423781314,clay,wheat,normal_crop
83.47364472083517,30.524502796433715,loam,soybean,normal_crop
89.81757896737321,34.40545629886076,clay,wheat,normal_crop
77.26638184918718,23.50570987055354,loam,rice,normal_crop
65.10321211182256,57.47831292124251,clay,corn,flood_resistant_crop
71.35103623194898,42.15208962849505,sandy,corn,normal_crop
74.5232918559454,32.22097242632094,sandy,soybean,normal_crop
85.83668965326405,35.879260682971335,sandy,rice,normal_crop
82.83113218675648,37.888101620193424,sandy,wheat,normal_crop
74.24386903591385,44.02377333442469,loam,soybean,normal_crop
99.46060995171919,40.62717710785991,loam,rice,normal_crop
84.23099277427548,56.775678928576696,clay,rice,normal_crop
69.48907166943978,39.87853931623321,sandy,wheat,normal_crop
64.07129890481615,59.6863205929325,loam,soybean,flood_resistant_crop
66.11436556737328,54.05699830980383,clay,rice,flood_resistant_crop
69.83830913538033,28.340420574293432,clay,rice,normal_crop
66.42725493038223,57.22380858575665,loam,rice,flood_resistant_crop
67.46268096205223,24.654655915419042,sandy,wheat,normal_crop
71.40380674775389,52.697988339647665,clay,soybean,normal_crop
66.93494381179019,35.2249317390632,sandy,soybean,normal_crop
95.87061698505701,55.11897281780278,sandy,soybean,normal_crop
63.20934982646569,54.72226760429801,sandy,soybean,flood_resistant_crop
80.98045558281018,52.23701600470485,clay,corn,normal_crop
76.41587307958646,51.601217452282455,sandy,corn,normal_crop
99.29514467634425,32.18716556392163,clay,soybean,normal_crop
64.4815560867221,23.23677132205009,sandy,wheat,normal_crop
75.91422396182966,36.11920715060646,clay,corn,normal_crop
98.77881733101475,26.940980599460346,sandy,rice,drought_resistant_crop
94.62028503575921,47.79804355609847,loam,corn,normal_crop
92.68288283797119,33.84398906151142,sandy,rice,normal_crop
70.3161130817976,59.02440803439659,sandy,soybean,normal_crop
66.83550349560264,45.63888309381328,clay,corn,normal_crop
86.74572879697723,52.899222545374435,clay,wheat,normal_crop
97.17503956510343,25.300986909673938,sandy,corn,drought_resistant_crop
82.2705157205572,54.4805792909049,loam,corn,normal_crop
82.864507578796,56.910287620535776,loam,corn,normal_crop
71.19916374641137,39.482476752757435,clay,soybean,normal_crop
90.77971732767747,44.2501175100391,loam,wheat,normal_crop
67.48174994230094,50.59239203611982,sandy,corn,flood_resistant_crop
72.94716945616975,26.993545090416504,clay,wheat,normal_crop
77.01745754465668,40.102643058537694,sandy,soybean,normal_crop
80.3044151473782,35.946521110892526,clay,rice,normal_crop
69.69638929660321,25.854959686489963,clay,corn,normal_crop
64.59347298956814,34.701376891661255,clay,wheat,normal_crop
84.4248016976653,22.726892375419744,clay,wheat,normal_crop
71.54522212961024,21.03247627797948,loam,soybean,normal_crop
83.24952885690449,25.40665156619291,sandy,corn,normal_crop
66.17450861096809,58.52460446356695,sandy,rice,flood_resistant_crop
79.2456040741927,41.98118143580068,sandy,wheat,normal_crop
81.30357730206343,58.6328864461288,clay,corn,normal_crop
62.07294147289708,37.299915133205275,loam,rice,normal_crop
73.46417112775683,32.47264532341038,sandy,wheat,normal_crop
65.37658707755897,40.245674513609764,loam,wheat,normal_crop
62.53499881891071,37.58046754531641,clay,rice,normal_crop
99.5984092955978,24.22658737046976,sandy,rice,drought_resistant_crop
72.89415379898892,45.63305258760825,loam,soybean,normal_crop
92.3949778341854,28.641527300383984,clay,corn,drought_resistant_crop
70.18562619055055,44.78351819591318,loam,corn,normal_crop
87.26010888895718,46.00804369592613,sandy,soybean,normal_crop
90.40911439558747,26.080994125145924,sandy,wheat,drought_resistant_crop
83.82554962431377,22.453985084426726,clay,rice,normal_crop
78.86304754200634,51.230463442737594,clay,rice,normal_crop
76.47363656589074,38.392016950772806,clay,rice,normal_crop
73.95473066171981,22.32655182021903,loam,wheat,normal_crop
97.18116576991304,59.794652686790684,loam,rice,normal_crop
93.22477631150917,22.311222439854667,loam,rice,drought_resistant_crop
98.60107642666051,47.801409154342124,clay,soybean,normal_crop
64.97188893942179,59.34715701053654,sandy,wheat,flood_resistant_crop
89.23469900814577,29.567204168637026,sandy,corn,drought_resistant_crop
97.53361827284152,25.689974747487845,loam,soybean,drought_resistant_crop
67.24932264662641,24.855397576897154,loam,soybean,normal_crop
62.6598506946711,32.13100590270382,sandy,corn,normal_crop
89.64482597160236,24.041832440425868,sandy,soybean,drought_resistant_crop
82.97892452719648,47.68645366776528,loam,wheat,normal_crop
93.67315107033087,22.491671925202507,loam,rice,drought_resistant_crop
65.59089506505158,40.37688512599159,sandy,wheat,normal_crop
91.81069247439561,59.86787415411907,clay,corn,normal_crop
68.06509280190978,52.558810780240755,loam,corn,normal_crop
66.54623771462818,44.608777529240434,sandy,soybean,normal_crop
66.57063191723972,32.25014483146447,sandy,wheat,normal_crop
92.58298880925528,44.95583345166554,sandy,wheat,normal_crop
86.607888827848,41.08165855646607,sandy,corn,normal_crop
80.92261699076477,37.04333535561486,clay,wheat,normal_crop
74.3532193649401,25.22841506960798,sandy,corn,normal_crop
95.08802163252433,55.46416860961867,loam,wheat,normal_crop
75.69780429690542,37.9913859528529,clay,wheat,normal_crop
92.66397757886308,27.784900472830603,sandy,wheat,drought_resistant_crop
77.56539634280874,34.71037403509158,clay,corn,normal_crop
75.0777771769963,36.565190101157086,loam,soybean,normal_crop
78.50719142678426,53.10151582267497,sandy,wheat,normal_crop
72.05511496656568,49.344575222456086,loam,corn,normal_crop
89.90437520705004,50.77219574565359,sandy,corn,normal_crop
80.10881560369917,20.441250577145887,sandy,wheat,normal_crop
69.2885078058727,36.64615992719046,sandy,wheat,normal_crop
95.98298293098273,39.25376606541295,sandy,soybean,normal_crop
75.35564885492846,20.76769107292227,sandy,corn,normal_crop
81.74211444455955,30.392528349801367,clay,corn,normal_crop
96.25888443858187,50.4115929248854,sandy,rice,normal_crop
84.96951983655968,25.48438822915996,sandy,corn,normal_crop
64.67592162833456,41.41240525810367,clay,soybean,normal_crop
97.59328494453901,28.6080748806895,clay,rice,drought_resistant_crop
85.10832212285672,20.484830985755732,clay,rice,normal_crop
73.39622458628344,29.64805830398166,clay,rice,normal_crop
65.57088290653549,59.03495019640215,clay,wheat,flood_resistant_crop
91.76100757081184,52.06148447531958,clay,wheat,normal_crop
84.80291023714054,58.383065772841334,sandy,corn,normal_crop
81.33844367905286,39.514161757054495,sandy,rice,normal_crop
95.7557033220383,24.38944794710014,loam,soybean,drought_resistant_crop
91.54388844898122,41.91837955894772,sandy,wheat,normal_crop
66.06699518931005,38.17509338239844,sandy,soybean,normal_crop
72.46888271182193,53.77428330958464,clay,soybean,normal_crop
69.93956559257863,23.923303231369783,clay,wheat,normal_crop
89.75785170290708,39.529645480871125,sandy,wheat,normal_crop
61.341297389431176,26.00194658775937,loam,wheat,normal_crop
82.79558739485266,32.9870370756024,clay,wheat,normal_crop
90.49834742962761,49.49428309551199,sandy,rice,normal_crop
95.07062547046998,39.04072517475066,sandy,rice,normal_crop
73.6832699486363,35.035531405830774,loam,rice,normal_crop
92.85029218688052,35.779051142801414,loam,rice,normal_crop
64.42526947820829,38.377870736239466,clay,corn,normal_crop
93.85809166938073,51.400661753482275,loam,rice,normal_crop
65.09954649327929,55.68338755760938,sandy,wheat,flood_resistant_crop
75.89149162241469,58.21338746015713,sandy,soybean,normal_crop
91.89181463118214,51.4761354502118,loam,rice,normal_crop
65.99669709395096,32.61627582992051,loam,corn,normal_crop
69.17005580930567,47.525388243461684,loam,wheat,normal_crop
88.89010273572265,37.50412496221568,loam,soybean,normal_crop
88.80146146184298,30.186824881842046,clay,soybean,drought_resistant_crop
85.6459053154119,53.634863177036905,loam,rice,normal_crop
87.75793777868401,21.537053958493,clay,soybean,drought_resistant_crop
81.70897773390385,56.07047968541694,sandy,rice,normal_crop
70.0719623562781,38.45909858498936,loam,rice,normal_crop
73.82783974015678,45.48805907233122,clay,wheat,normal_crop
67.26390867205703,46.37415688823131,loam,wheat,normal_crop
96.33802245334513,55.804709628261456,sandy,corn,normal_crop
83.33567179064482,45.466787286688295,sandy,wheat,normal_crop
76.0340566705456,44.55734339040247,sandy,wheat,normal_crop
78.48023214576531,22.666081622427598,loam,rice,normal_crop
97.89133358447262,40.73632087780816,loam,wheat,normal_crop
66.13405612464321,26.006760032681665,clay,rice,normal_crop
83.44919328067189,49.497350748859425,sandy,rice,normal_crop
80.23554715537864,40.488876832506975,loam,wheat,normal_crop
84.45816941738592,47.20911116833413,sandy,corn,normal_crop
60.72440735283362,21.66691602409537,sandy,corn,normal_crop
94.88495635776606,23.391680641832128,clay,soybean,drought_resistant_crop
97.28473129934449,48.65293552250729,clay,soybean,normal_crop
82.60532734356836,22.883373439946936,clay,wheat,normal_crop
87.8660329550757,22.850269110610345,clay,corn,drought_resistant_crop
96.89997524709183,20.484339009395498,sandy,rice,drought_resistant_crop
88.28954537253594,58.2600559319792,clay,soybean,normal_crop
66.10156171657046,49.50033437836028,clay,rice,flood_resistant_crop
83.05153440667253,34.13005634008257,clay,soybean,normal_crop
84.26860185531424,31.86142325150621,clay,wheat,normal_crop
76.96522685209544,33.988129189833984,sandy,corn,normal_crop
89.45776942498891,50.986141247247275,clay,soybean,normal_crop
97.37468059076059,46.45482444281657,sandy,corn,normal_crop
97.02274051627106,27.407822714698717,loam,rice,drought_resistant_crop
78.03357485616529,26.964373413363376,sandy,wheat,normal_crop
64.52952183363021,23.935825988535893,sandy,corn,normal_crop
99.39364795849337,46.41210878805353,clay,wheat,normal_crop
93.55592345783737,50.57490648886944,loam,corn,normal_crop
64.98650724813068,30.60185713300016,loam,rice,normal_crop
96.83367530469489,20.83779844123651,loam,rice,drought_resistant_crop
94.79585448248514,23.286866699057093,loam,wheat,drought_resistant_crop
80.75352228504289,58.71440139380122,sandy,rice,normal_crop
83.65101742979718,31.81779109909681,loam,soybean,normal_crop
75.96010815480521,50.768925913525344,sandy,corn,normal_crop
62.19046555288125,44.98654275417055,sandy,rice,normal_crop
73.40788966583604,35.27758558611583,sandy,soybean,normal_crop
92.11413794392045,28.227490487822205,loam,wheat,drought_resistant_crop
60.18528092018411,24.855456726376257,clay,soybean,normal_crop
73.33996686764577,44.600518721554664,clay,wheat,normal_crop
75.92674774363773,50.98535122551152,loam,wheat,normal_crop
81.49582411751692,45.75617014164523,clay,corn,normal_crop
96.79422465651042,41.21208532996633,clay,corn,normal_crop
73.85383977463844,21.67804893726545,sandy,soybean,normal_crop
73.8781280758491,58.739551103775355,sandy,corn,normal_crop
89.50004992438994,51.94856766618298,loam,corn,normal_crop
78.08871763559229,31.71288146803859,loam,corn,normal_crop
68.98419291759927,59.19881317435403,clay,soybean,normal_crop
78.09758064530774,44.07526358545289,sandy,rice,normal_crop
65.634280815192,43.29690632828986,loam,corn,normal_crop
67.05547946024893,49.922927177181286,loam,corn,flood_resistant_crop
79.9347109095792,52.4707915236055,loam,soybean,normal_crop
76.75701798018191,46.25914429326011,loam,rice,normal_crop
96.593836042724,25.123829854648,loam,corn,drought_resistant_crop
74.49575596466532,33.53070023977993,loam,wheat,normal_crop
83.22353401112174,57.12334561304199,clay,soybean,normal_crop
85.29057151678121,28.984624473754078,sandy,corn,normal_crop
60.523778263533345,34.88668095350053,sandy,corn,normal_crop
86.54149488066842,37.28307531776784,loam,wheat,normal_crop
67.12143867479006,37.57619958777809,sandy,wheat,normal_crop
98.4428126987782,44.51758329978102,sandy,soybean,normal_crop
65.94650911012452,57.7230335097883,sandy,soybean,flood_resistant_crop
76.58496494908096,29.6277084733002,loam,wheat,normal_crop
63.413986723145754,24.86005505203672,loam,soybean,normal_crop
99.87497007383789,27.898819594397494,sandy,wheat,drought_resistant_crop
80.08780041324971,55.47699600837078,sandy,corn,normal_crop
83.81540069280175,45.83243250620824,loam,wheat,normal_crop
62.6830590955371,31.436271569566404,clay,wheat,normal_crop
89.99841881596711,52.63787755874469,sandy,rice,normal_crop
68.39622372382343,54.45479985453744,clay,wheat,normal_crop
95.92217157762855,53.860573547611125,sandy,wheat,normal_crop
68.20558561928028,56.75706134558218,clay,rice,normal_crop
67.62750882654666,30.08964080693446,clay,soybean,normal_crop
61.46198671392379,50.201677149851136,clay,rice,flood_resistant_crop
78.88267780439998,38.4215798909656,loam,corn,normal_crop
82.59364533050466,53.67994211560246,clay,rice,normal_crop
62.6283455771341,49.13962708646453,clay,corn,flood_resistant_crop
91.02110466780042,51.057897859988984,clay,soybean,normal_crop
78.13155338992111,46.24647350724286,sandy,rice,normal_crop
80.9756107731032,27.097150778788276,clay,rice,normal_crop
77.63050987752912,41.80107675587753,sandy,soybean,normal_crop
76.03052243501304,59.38678958098033,clay,corn,normal_crop
82.38561325232871,57.495522659884756,clay,rice,normal_crop
66.2096098372285,21.726949431880467,loam,corn,normal_crop
67.27712521981084,26.592592629177485,sandy,rice,normal_crop
94.47142484054069,25.269150938182477,clay,wheat,drought_resistant_crop
97.84461848534531,49.03919639941182,sandy,rice,normal_crop
74.93237265119012,52.7114131942778,sandy,soybean,normal_crop
70.82978692574216,28.540454652426877,loam,soybean,normal_crop
85.75998172956062,40.23410771807316,loam,corn,normal_crop
76.34936684392386,53.628121120448,loam,rice,normal_crop
61.015454226413794,49.31206179065002,loam,corn,flood_resistant_crop
66.24610389464762,41.68948821967393,loam,corn,normal_crop
88.6388891538959,43.613907618350915,loam,wheat,normal_crop
86.35695767640605,40.3344218766512,loam,wheat,normal_crop
61.083839700139336,31.901938052752822,loam,soybean,normal_crop
68.87888647731798,42.600879714360644,clay,corn,normal_crop
69.24299186352286,47.55541208200363,sandy,soybean,normal_crop
86.87570974394913,54.93291663443231,loam,rice,normal_crop
60.788421510174565,45.45165415916992,loam,corn,normal_crop
64.16434327938295,50.44486148172632,sandy,corn,flood_resistant_crop
91.99664341492758,26.402865398182918,clay,rice,drought_resistant_crop
67.14178648217334,38.462298976791594,sandy,rice,normal_crop
86.10984431407499,20.37326479308373,sandy,soybean,drought_resistant_crop
69.52731124186906,29.86715458086492,loam,soybean,normal_crop
63.97765571037381,49.05846860452019,sandy,rice,flood_resistant_crop
69.72688763997816,59.67239805397454,sandy,soybean,normal_crop
88.89067727422636,23.967123983488637,loam,rice,drought_resistant_crop
94.22785872425143,36.059772634451534,loam,corn,normal_crop
93.20879458267967,52.00283874796638,loam,corn,normal_crop
75.88734118473819,28.161425385155955,loam,wheat,normal_crop
86.72340546282584,42.20339797209145,sandy,corn,normal_crop
68.19937181663283,49.32285184118699,sandy,rice,normal_crop
71.72590921044053,44.63941801040716,clay,soybean,normal_crop
95.8534327408448,27.520989384616644,clay,wheat,drought_resistant_crop
60.52007694042944,34.21538274742957,sandy,soybean,normal_crop
63.42034123417872,51.35167137941589,clay,rice,flood_resistant_crop
68.31545020584109,42.16906056528067,sandy,corn,normal_crop
61.06128815495279,20.20918454171651,clay,wheat,normal_crop
67.25741740359189,50.43963040112375,loam,rice,flood_resistant_crop
83.32166243878768,21.412454197609563,clay,wheat,normal_crop
76.85698202369991,49.82935130924929,loam,wheat,normal_crop
95.706868443079,28.099222406609496,loam,corn,drought_resistant_crop
92.69774246953764,58.32293920477521,loam,rice,normal_crop
73.67269406791505,34.71763005208338,loam,soybean,normal_crop
70.3769373372517,33.077264653523166,clay,wheat,normal_crop
75.18769632669068,25.955522013297788,sandy,wheat,normal_crop
83.6117977005923,32.22416861960859,loam,soybean,normal_crop
70.72254563291506,55.06603047312802,clay,rice,normal_crop
84.96595631396536,59.85337350508989,loam,wheat,normal_crop
76.37646608764962,34.732381220273936,clay,wheat,normal_crop
82.0818872340792,37.9444252381817,clay,wheat,normal_crop
77.44506116541267,48.882837528109484,clay,rice,normal_crop
71.7786303816767,55.44783121860298,sandy,rice,normal_crop
97.93813227848626,43.721773367471364,clay,soybean,normal_crop
90.54423176639042,35.661027927113174,clay,rice,normal_crop
65.6045270306581,36.50487363394495,sandy,rice,normal_crop
94.73871903591652,47.824725859872274,sandy,corn,normal_crop
79.49724792998055,20.128730544171148,clay,soybean,normal_crop
95.78208907576365,44.78357349839363,sandy,wheat,normal_crop
91.99421023789262,34.219720417654294,loam,rice,normal_crop
77.00854017876934,51.76789325108337,loam,wheat,normal_crop
60.8987723328047,23.719625592925286,sandy,wheat,normal_crop
70.74709437539784,43.52809067793562,sandy,corn,normal_crop
81.66536858643468,39.23891559544495,clay,rice,normal_crop
85.33912879304589,45.693021036209096,sandy,soybean,normal_crop
70.31550741732809,22.594143779318735,clay,rice,normal_crop
65.57424296291296,43.19935149712525,loam,wheat,normal_crop
93.39720947197196,42.459383518380946,sandy,soybean,normal_crop
99.37608722814208,42.426403776646836,clay,rice,normal_crop
81.02760729210743,44.13950666385819,clay,wheat,normal_crop
66.86717143393214,47.05871748905449,loam,wheat,flood_resistant_crop
70.89229306077476,52.19955998723079,sandy,corn,normal_crop
60.73562706189867,30.792828805128572,loam,corn,normal_crop
96.57195226241996,53.001976407202484,clay,corn,normal_crop
64.71004331560565,39.93022729053814,clay,wheat,normal_crop
83.06065902057014,23.082331165373247,sandy,rice,normal_crop
70.96220882748824,22.342037169759166,clay,corn,normal_crop
82.16712010063173,33.36953274784243,sandy,rice,normal_crop
86.05681553407457,51.3958790844587,loam,corn,normal_crop
93.18967214828807,48.307237389636626,sandy,soybean,normal_crop
68.25685087042413,51.54459858689626,sandy,soybean,normal_crop
60.43983314633922,40.690762257664375,clay,corn,normal_crop
65.47542520275229,37.60795991821962,clay,wheat,normal_crop
96.0007456739242,25.898101068251357,sandy,corn,drought_resistant_crop
94.95560310250062,33.12771014437246,clay,corn,normal_crop
83.89652408681233,37.36077464695501,clay,wheat,normal_crop
84.02067441734613,23.54401718718469,clay,soybean,normal_crop
86.60146698185022,28.82447810844845,sandy,rice,drought_resistant_crop
67.01485114493798,43.92901176254955,clay,corn,normal_crop
96.5764778369984,49.42652456956759,sandy,wheat,normal_crop
76.75082099568293,59.93390045571799,clay,corn,normal_crop
75.3255411299799,57.32453325374231,loam,wheat,normal_crop
80.75670821131351,45.70260798140766,clay,rice,normal_crop
61.8786386710022,36.84992213176288,clay,rice,normal_crop
66.65133475024318,45.44709458832931,sandy,soybean,normal_crop
89.52134465705481,51.42606472320928,sandy,wheat,normal_crop
63.31194671700506,24.733447636935495,clay,wheat,normal_crop
84.12608437865552,36.39619558785153,loam,soybean,normal_crop
69.81396438725284,53.59209142542469,clay,soybean,normal_crop
75.57182456167907,35.35331807732176,clay,wheat,normal_crop
71.547749470828,42.874890849087464,loam,soybean,normal_crop
74.22690865859796,43.51077443448793,sandy,rice,normal_crop
88.76183620736981,27.379050125345575,clay,corn,drought_resistant_crop
71.88486862492701,34.48941766609153,sandy,rice,normal_crop
82.65618561187588,33.38045154967729,sandy,soybean,normal_crop
79.04201608796399,21.04786834128259,loam,wheat,normal_crop
86.54684661450592,20.96767055565421,loam,wheat,drought_resistant_crop
97.47318957299032,53.26788174703094,sandy,rice,normal_crop
89.30288388841001,30.922832398912497,clay,wheat,drought_resistant_crop
68.59761514363026,40.72315064955262,sandy,soybean,normal_crop
61.24732540245139,31.949022943550922,clay,rice,normal_crop
70.490561771993,57.62716980461362,clay,wheat,normal_crop
83.8031172280102,30.37187035463095,loam,corn,normal_crop
62.05703253937001,37.186272509557405,clay,corn,normal_crop
79.85464988804945,54.909210019384076,clay,soybean,normal_crop
83.87371395667557,53.67734267167235,sandy,wheat,normal_crop
73.36975563267843,27.444056713851094,loam,soybean,normal_crop
90.83648814983287,52.10573239182842,clay,rice,normal_crop
64.26393012535087,38.327475469515704,clay,corn,normal_crop
63.00551126943235,39.31875488341421,loam,rice,normal_crop
89.12755024814413,25.33919889663775,sandy,wheat,drought_resistant_crop
79.81965264824794,23.224060550284985,loam,soybean,normal_crop
87.53609585710944,49.117572278950604,loam,soybean,normal_crop
77.39309354414985,39.85844609421199,clay,soybean,normal_crop
69.85608132956428,37.474028104607186,clay,rice,normal_crop
92.76409270696799,49.18032914609587,sandy,corn,normal_crop
91.97663515875917,50.62051595964439,clay,rice,normal_crop
87.78785883417707,26.35632670677414,clay,rice,drought_resistant_crop
70.8858054891985,44.40900597910565,loam,wheat,normal_crop
83.60922667476348,25.41416329110742,clay,wheat,normal_crop
74.43895587760107,50.05500344116183,sandy,wheat,normal_crop
63.66328293306537,46.278206250685585,loam,corn,normal_crop
96.69254301848972,58.26458484333832,sandy,corn,normal_crop
65.47274523675846,22.75832065425685,loam,wheat,normal_crop
98.0094941528321,22.282188846050172,clay,wheat,drought_resistant_crop
77.84023091831823,31.287482987728005,loam,corn,normal_crop
